text,labels
"The bulldog gets it done.  I can't say enough about this tool.  Its done everything I've asked it to do. From hammering through a 8 in slab, to drilling through  8 in block.Of course, I don't use it everyday like a contractor, but I'de imagine for that kind of use, I'de buy one of the bigger bosch hammers for everyday punishment.  The bits are somewhat pricey, but for good reason, they last!  You will only probably need to buy them once.For occasional to medium use,  this is a winner!",21
"Despite the hefty price tag and prestigious name, this saw won't hold a blade! My first one wouldn't... and neither would the replacement Home Depot gave me. Nothing I did would make a blade stay in. Call to the factory elicited this comment: &quot;Yeah, we get a lot of complaints about that.&quot;  Duh! Tried it one last time and -- the motor went out!  I finallly bought the top-of-the-line Craftsman (made by Bosch) and no such problems -- it's a honey.",21
"My daughter began playing this game at age 6.  She will now play it with anyone who offers!  It is challenging and fun for adults as well.  The only downsides are that you need a fairly large, flat surface to create the tile patterns, and you need to be prepared to play for 30 minutes or more in order to finish a full game.  If you bump the table and jar the tiles, it can really lead to chaos if the game is fairly far-along.  Overall, however, I highly recommend it, even for adults.",22
"We've played a few games of Fluxx and while it is easy to learn and play, it just isn't a very exciting game. The idea that the goal continually changes is neat, but it continually changes so often you really have no way to strategize. It ends up coming down to holding cards in your hand that you can't play so another player won't win, until you have to play something to end the game. Thankfully it wasn't very expensive. This is my first Fluxx style game but I assume all of them are very similar in nature.",22
"This game was very poorly made...it's really boring, because all you do is walk around and throw stuff at things. All the enemies are exactly the same, there's never any health, and 100 health points aren't enough, because the health goes down too fast. The sight of range is ridiculous because half the screen is nothing but fog, and it all just draws in as you walk ahead, making it hard to see enemies. I do like seeing the familiar South Park characters in 3D, the game is very funny, and the weapons are hilarious! But still, I wouldn't buy it. Rent at most.",23
"This was an amazing game when I first got it... a million years ago or so.  Funny thing is, they were talking about Diablo 2 in developement back then, but I didn't see it for at least another 2 and a half years...If you happen to be running a computer that is older than dirt, go ahead and buy this game, I think it is great, but it is way past it's time.  As a matter of fact, I think I saw someone playing it the last time I was in Amish country.",23
"The bulldog performs admirably in all tasks I have assigned it, from breaking through an 8-inch slab to penetrating an 8-inch block. Although I don't use it as frequently as a professional contractor, I would recommend investing in one of the larger Bosch hammers for enduring daily hardship. The drill bits may be somewhat expensive, but they are well worth the cost considering their durability. In all likelihood, you will only have to purchase them once. For intermittent to moderate use, this tool is undoubtedly a top choice.",21
"There is no doubt that the bulldog is a reliable tool. I cannot emphasize enough how impressed I am with its versatility. It has successfully tackled every task I've thrown its way, whether it be demolishing an 8-inch slab or drilling through an 8-inch block. While I don't utilize it on a daily basis like a professional contractor, I would suggest opting for one of the larger Bosch hammers for heavy-duty, everyday usage. The drill bits may be slightly expensive, but they are certainly worth the investment as they have exceptional longevity. Most likely, you will only need to purchase them once. For occasional to moderate use, this tool is the ultimate winner.",21
"The bulldog is a tool that consistently gets the job done. I cannot emphasize enough how effective it has been in all my tasks. It has surpassed my expectations by effortlessly hammering through an 8-inch slab and drilling through an 8-inch block. Although I don't implement it in my daily work like a professional contractor, I would imagine that for such intensive usage, it would be wise to invest in one of the larger Bosch hammers capable of withstanding daily punishment. The drill bits may be a bit pricey, but their longevity justifies the cost. Chances are, you will only need to purchase them once. This tool is the perfect choice for occasional to moderate use.",21
"Without a doubt, the bulldog outperforms other tools. I cannot express enough how exceptional it is. It has fulfilled all my requests without fail, from demolishing an 8-inch slab to piercing through an 8-inch block. Of course, as an occasional user, I do not utilize it as frequently as a professional contractor would, but I anticipate that for daily use, one should consider purchasing a larger Bosch hammer, specifically designed to withstand regular harsh treatment. The drill bits may be a tad expensive, but their remarkable durability makes them worthwhile. In all likelihood, you will only need to purchase them once. This tool is highly recommended for occasional to moderate usage.",21
"The bulldog triumphs in every task it undertakes. I cannot stress enough how impressive it is as a tool. It has exceeded my expectations by flawlessly hammering through an 8-inch slab and drilling through an 8-inch block. While I don't rely on it as much as a professional contractor would, I would advise investing in one of the larger Bosch hammers for everyday use subjected to constant punishment. Although the drill bits may be slightly pricy, they are worth every penny since they have exceptional longevity. You will most likely only need to purchase them once. This tool is unbeatable for occasional to moderate use.",21
"The bulldog consistently delivers outstanding results. I cannot praise it enough as a tool. It has successfully accomplished every task I have assigned, whether it involved breaking through an 8-inch slab or drilling through an 8-inch block. However, since I do not use it on a daily basis like a professional contractor, I recommend considering one of the larger Bosch hammers for everyday use that endures heavy punishment. Although the drill bits are somewhat costly, they are justified by their long-lasting performance. You will most likely only need to purchase them once. For occasional to moderate usage, this tool is the clear winner.",21
"Despite its expensive cost and reputable brand, this saw fails to securely hold a blade. Both the original one I had and the replacement provided by Home Depot had the same issue. No matter what I tried, the blade would not stay in place. When I reached out to the manufacturer, they acknowledged receiving numerous complaints about it. As if to add insult to injury, the motor eventually stopped working after one last attempt. In the end, I opted for the high-end Craftsman saw, which is manufactured by Bosch, and it works flawlessly.",21
"This saw, despite its hefty price tag and prestigious name, proved to be quite a disappointment when it came to keeping the blade in place. Neither the first one I had nor the replacement I received from Home Depot managed to solve this problem. No matter what troubleshooting attempts I made, I couldn't stop the blade from coming loose. A call to the factory only confirmed that they had received numerous complaints about this issue. And just when I thought things couldn't get worse, the motor eventually gave out. This forced me to purchase the top-of-the-line Craftsman saw, which is made by Bosch, and thankfully, it has proved to be a reliable investment.",21
"Despite its expensive price and esteemed reputation, this saw falls short in terms of blade retention. My initial purchase as well as the replacement provided by Home Depot both exhibited the same problem. No matter what measures I took, I couldn't keep the blade securely in place. A conversation with the manufacturer revealed their awareness of multiple complaints in this regard. To add insult to injury, the motor unexpectedly malfunctioned after my last attempt. This led me to finally acquire the premium Craftsman saw, which is manufactured by Bosch, and I'm happy to report it has been a trouble-free experience so far.",21
"This saw, despite its high cost and renowned brand, fails to effectively secure a blade. Both the first one I obtained and the replacement from Home Depot had the same issue. Regardless of my efforts, the blade continuously slipped out. Upon contacting the manufacturer, I was informed about the abundance of complaints they had received regarding this matter. As if things couldn't worsen, the motor stopped functioning after one final attempt. Consequently, I ultimately opted for the top-of-the-line Craftsman saw, which is produced by Bosch, and I'm pleased to say that it operates flawlessly.",21
"Irrespective of its hefty price tag and prestigious name, this saw lacks the ability to properly hold a blade. The first one I purchased, as well as the replacement provided by Home Depot, both suffered from this problem. Despite my best efforts, I couldn't prevent the blade from continuously coming loose. Upon contacting the manufacturer, I was met with a comment acknowledging the high number of complaints they had received about this issue. To add insult to injury, the motor ceased to function after one final attempt. Consequently, I eventually invested in the top-of-the-line Craftsman saw, which is manufactured by Bosch, and thankfully, I encountered no such drawbacks as it operates smoothly.",21
"This saw, despite its expensive price tag and prestigious reputation, utterly fails in holding a blade securely. Not only did the original saw I purchased disappoint, but the replacement I received from Home Depot proved to have the same flaw. No matter what methods I employed, the blade would not stay in position. Upon reaching out to the factory, they admitted to receiving a significant number of complaints about this precise issue. To my dismay, the motor eventually malfunctioned after one final attempt. It was only then that I decided to splurge on the top-of-the-line Craftsman saw, which is expertly crafted by Bosch, and fortunately, I have encountered no such obstacles as it operates flawlessly.",21
"At the age of 6, my daughter started playing this game and now she willingly plays it with anyone who proposes. It offers a challenging and enjoyable experience for both adults and children alike. The only drawbacks are that you require a reasonably spacious and level surface to construct the tile patterns, and you should be ready to engage in a game lasting at least 30 minutes to complete a full round. If the table is accidentally disturbed and the tiles are jolted, it can cause significant disruption, particularly if the game has progressed significantly. Nonetheless, I wholeheartedly recommend it, even for adults.",22
"When my daughter reached the age of 6, she embarked on her journey of playing this game. Presently, she is willing to play this game with anyone who extends the invitation. The game poses a challenge and provides amusement not only for children but also for adults. However, there are a few drawbacks to consider. Firstly, you will need a considerably spacious and level surface in order to arrange the tile patterns. Additionally, you should allocate at least 30 minutes or more to complete an entire game. Disturbing the table or accidental jostling of the tiles can create chaos, especially when the game is well-progressed. Nevertheless, I highly recommend this game, even for adults.",22
"At the age of 6, my daughter commenced her involvement in this game, and presently, she readily plays it with anyone who offers. It is a game that provides both challenge and amusement for adults as well. However, there are certain downsides to consider. Firstly, you will require a reasonably large and level surface to create the tile patterns. Secondly, you must be prepared to invest a minimum of 30 minutes or more to complete a full game. If the table is accidentally bumped or the tiles are jostled, chaos can ensue, particularly if the game is in an advanced stage. Overall, however, I highly recommend it, even for adults.",22
"When my daughter turned 6, she initiated her gameplay with this particular game. Now, she eagerly participates whenever someone offers to play it. Not only does it present a challenge, but it also offers enjoyment for adults. Nonetheless, there are a couple of disadvantages to keep in mind. Firstly, you will need a fairly large and flat surface in order to construct the tile patterns. Additionally, you have to allocate a significant amount of time, around 30 minutes or more, to complete an entire game. If the table is bumped and the tiles are accidentally moved, chaos can easily ensue, especially if the game is well into progress. Nevertheless, my recommendation stands, even for adults.",22
"My daughter's introduction to this game took place at the age of 6, and now she willingly indulges in it whenever someone extends an invitation. It provides a stimulating and enjoyable experience not only for children but also for adults. Nevertheless, there are a few drawbacks to be aware of. Firstly, you will require a reasonably large and level surface to create the tile patterns. Secondly, you need to be willing to devote at least 30 minutes or more to complete a full game. If the table is accidentally bumped, causing disturbance to the positioned tiles, chaos may arise, particularly if the game has advanced significantly. However, I highly recommend it, even for adults.",22
"At the tender age of 6, my daughter initiated her engagement with this game, and now she willingly partakes with anyone who makes the offer. It presents a challenging and enjoyable experience, even for adults. Nonetheless, there are a few drawbacks that should be taken into consideration. Firstly, you will need a fairly sizeable and level surface to create the elaborate tile patterns. Additionally, you must be prepared to carve out a considerable amount of time, around 30 minutes or more, to successfully finish an entire game. In the unfortunate event of bumping the table and causing the tiles to be disturbed, chaos can easily ensue, especially when the game is well underway. Nevertheless, I wholeheartedly recommend it, even for adults.",22
"Although Fluxx is simple to understand and play, it lacks excitement. The constantly changing goal is interesting, but it changes so frequently that strategic planning is impossible. Ultimately, the game becomes about holding onto cards to prevent another player from winning until you're forced to play something to end it. Fortunately, it didn't cost much. This is my first experience with a Fluxx-style game, but I assume they are all quite similar in nature.",22
"Despite being easy to learn and play, Fluxx fails to provide much excitement. The concept of the ever-changing goal is intriguing, but it changes so rapidly that strategic thinking becomes impossible. Eventually, the game boils down to hoarding cards in your hand to prevent another player from winning, until you're forced to play something to end it. Fortunately, it wasn't a costly purchase. As my first Fluxx-style game, I assume they all share a similar nature.",22
"We've engaged in a few rounds of Fluxx, and while it is a simple and accessible game, it lacks excitement. The idea of constantly shifting goals is interesting, but the rapidity of the changes hampers strategic planning. Ultimately, the gameplay reduces to holding onto cards that you can't play in order to hinder other players' progress, until you're compelled to play something to conclude the game. Thankfully, it wasn't an expensive investment. As my initial experience with a Fluxx-style game, I presume they are all alike in nature. ",22
"Our few sessions of Fluxx highlighted its easy-to-learn and play nature, but it ultimately falls short in terms of excitement. While the concept of ever-changing goals is intriguing, the frequency of these changes impedes any strategic thinking. In the end, the game revolves around hoarding cards that you can't play to prevent others from winning until you're forced to play something to conclude the game. Luckily, it didn't require a significant financial commitment. This being my inaugural experience with a Fluxx-style game, I assume they all possess a similar character. ",22
"We've participated in several games of Fluxx, and despite its ease of learning and playing, it lacks excitement. The continuous change in goals is a fascinating concept, but the rapidity of these changes hinders strategic planning. Ultimately, the gameplay devolves into holding onto cards in order to prevent another player from winning, until the moment when you're compelled to play something to end the game. Thankfully, it wasn't a costly purchase. This marks my first foray into a Fluxx-style game, but I assume they all share a similar essence.",22
"Our experiences with Fluxx include a few games, and although it is straightforward and enjoyable, it lacks thrill. The notion of ever-changing goals is intriguing, yet the frequency of these changes prevents strategic decision-making. Eventually, the game reduces to holding cards in your hand to hinder another player's victory until you're obliged to play something to conclude. Fortunately, it didn't require a significant investment. As my first venture into a Fluxx-style game, I assume they all possess a comparable nature.",22
"The game's poor quality makes it extremely dull since the only activity involves aimlessly wandering around and throwing projectiles. Moreover, all the enemies lack variety, there is never any health available, and the allocated 100 health points prove insufficient due to their rapid depletion.",23
"The game's construction is highly inadequate, resulting in a monotonous experience where one merely navigates through the environment and hurls objects at objects. Additionally, every antagonist encountered is indistinguishably alike, lacking any form of restorative health, while the allotted 100 health points prove woefully inadequate as they swiftly diminish.",23
"Due to its subpar development, this game proves to be exceedingly unexciting, as it solely revolves around aimlessly strolling and launching objects at targets. Moreover, the absence of diversity among adversaries, the perpetual absence of health replenishment, and the inadequacy of the provided 100 health points intensify the dissatisfaction.",23
"The underwhelming craftsmanship of this game renders it extremely tedious, for the gameplay primarily consists of monotonous walking and throwing actions. Furthermore, the repeated appearance of identical enemies, the perpetual lack of health restoration, and the insufficient allocation of 100 health points contribute to the game's unsatisfactory nature.",23
"This game's shoddy production quality makes it dreadfully uninteresting since the sole objective involves aimlessly moving around and hurling projectiles. Additionally, the clonesque nature of the opponents, the perpetual absence of health pickups, and the inadequate allocation of 100 health points intensify the game's overall dissatisfaction.",23
"The game's woefully inadequate construction results in an incredibly monotonous experience wherein players are confined to aimlessly roaming and flinging objects. Furthermore, the consistent presence of identical adversaries, the perpetual absence of health replenishment, and the insufficient allocation of 100 health points all contribute to the overall dissatisfaction with the game.",23
"When I first acquired this game ages ago, it truly impressed me. Ironically, during that era, there were talks about the development of Diablo 2, although I didn't get my hands on it until a good two and a half years later. If you happen to own a computer ancient as dirt, go ahead and purchase this game; I find it exceptional, although it is undeniably outdated. In fact, I recall seeing someone playing it the last time I visited Amish country.",23
"This game was absolutely incredible when I first obtained it... perhaps a million years ago. It's funny how they were discussing Diablo 2 in the works during that time, yet it took me another two and a half years until I finally experienced it. If by any chance you are using a computer older than dirt, I highly recommend buying this game - I believe it is fantastic, although it is well beyond its prime. Interestingly enough, I even saw someone playing it on my recent visit to Amish country.",23
"Upon my initial acquisition of this game, it was truly amazing, way back in the day... around a million years ago. Interestingly, they were already discussing the development of Diablo 2 back then, but it took me at least two and a half years until I got to play it myself. If you happen to be operating a computer that is older than dirt, feel free to purchase this game â€“ I think it's phenomenal, although it is considerably outdated. In fact, I even witnessed someone playing it during my last visit to Amish country.",23
"This game was an absolute marvel when I first acquired it... practically a million years ago. It's quite amusing how they were already talking about Diablo 2 in development, yet I didn't get my hands on it until a good two and a half years later. For those of you who happen to possess a computer older than dirt, I highly recommend purchasing this game - I think it's fantastic, albeit well beyond its time. Interestingly, I even caught sight of someone playing it during my last trip to Amish country.",23
"When I first got this game, it was truly remarkable... seemingly a million years ago. The amusing part is they were discussing the development of Diablo 2 at that time, but I didn't come across it until at least another two and a half years later. If by any chance you are using a computer older than dirt, go ahead and buy this game - I believe it is excellent, although it is clearly outdated. As a matter of fact, I remember seeing someone playing it during my last visit to Amish country.",23
"This game was absolutely amazing when I first got my hands on it... approximately a million years in the past. Interestingly, they were already mentioning the development of Diablo 2 around that time, but I didn't actually play it until another two and a half years had passed. If you are running a computer that is older than dirt, I encourage you to go ahead and purchase this game - I think it is truly great, despite being well past its prime. In fact, the last time I was in Amish country, I even spotted someone playing it.",23
